<?xml version="1.0"?>
<!--<!DOCTYPE metadata SYSTEM "http://www.esri.com/metadata/esriprof80.dtd">-->
<metadata xml:lang="en"><Esri><CreaDate>20111125</CreaDate><CreaTime>17341800</CreaTime><SyncOnce>TRUE</SyncOnce><DataProperties><lineage><Process ToolSource="C:\Program Files\ArcGIS\ArcToolbox\Toolboxes\Conversion Tools.tbx\RasterToPolygon" Date="20110227" Time="223711">RasterToPolygon ghwsdafc_hwsd4 E:\dewitol\projects\SAOA\su_sym_1WRB4_phase.shp SIMPLIFY HWSD_DATA4.SU_WRB1_PH</Process><Process ToolSource="C:\Program Files (x86)\ArcGIS\Desktop10.0\ArcToolbox\Toolboxes\Data Management Tools.tbx\CalculateField" Date="20140526" Time="103507">CalculateField afticasoilmap SU_WRB1_PH "DU" VB #</Process></lineage></DataProperties><MetaID>{53FE7286-3B9C-467D-8C33-85A443F2F665}</MetaID></Esri><idinfo><citation><citeinfo><onlink Sync="TRUE">\\D01RI0600543\E$\dewitol\various\job\Olivier Dewitte\Soil Atlas of Africa\soil map_continental\M_su_sym_1wrb4_phase_b5</onlink></citeinfo></citation></idinfo><distInfo><distributor><distorTran><onLineSrc><linkage Sync="TRUE">file://\\D01RI0600543\E$\dewitol\various\job\Olivier Dewitte\Soil Atlas of Africa\soil map_continental\M_su_sym_1wrb4_phase_b5</linkage><protocol Sync="TRUE">Local Area Network</protocol></onLineSrc></distorTran></distributor></distInfo><dataqual><lineage><procstep><procdesc Sync="TRUE">Dataset copied.</procdesc><srcused Sync="TRUE">E:\dewitol\projects\SAOA\su_sym_1wrb4_phase</srcused><procdate Sync="TRUE">20110228</procdate><proctime Sync="TRUE">16591000</proctime></procstep><procstep><procdesc Sync="TRUE">Dataset copied.</procdesc><srcused Sync="TRUE">E:\dewitol\projects\SAOA\M_su_sym_1wrb4_phase</srcused><procdate Sync="TRUE">20110228</procdate><proctime Sync="TRUE">16592700</proctime></procstep><procstep><procdesc Sync="TRUE">Dataset copied.</procdesc><srcused Sync="TRUE">E:\dewitol\projects\SAOA\M_su_sym_1wrb4_phase</srcused><procdate Sync="TRUE">20110302</procdate><proctime Sync="TRUE">02494700</proctime></procstep><procstep><procdesc Sync="TRUE">Dataset copied.</procdesc><srcused Sync="TRUE">E:\dewitol\projects\SAOA\M_su_sym_1wrb4_phase</srcused><procdate Sync="TRUE">20110318</procdate><proctime Sync="TRUE">11214100</proctime></procstep><procstep><procdesc Sync="TRUE">Dataset copied.</procdesc><srcused Sync="TRUE">E:\dewitol\projects\SAOA\M_su_sym_1wrb4_phase_b</srcused><procdate Sync="TRUE">20110830</procdate><proctime Sync="TRUE">15485400</proctime></procstep><procstep><procdesc Sync="TRUE">Dataset moved.</procdesc><srcused Sync="TRUE">E:\dewitol\projects\HWSD\M_su_sym_1wrb4_phase_b5</srcused><procdate Sync="TRUE">20110830</procdate><proctime Sync="TRUE">15493100</proctime></procstep><procstep><procdesc Sync="TRUE">Dataset copied.</procdesc><srcused Sync="TRUE">E:\dewitol\projects\SAOA\M_su_sym_1wrb4_phase_b5</srcused><procdate Sync="TRUE">20111125</procdate><proctime Sync="TRUE">17341800</proctime></procstep></lineage></dataqual></metadata>
